{
  "generationParameters": {
    "generationDate": "Thu Feb 12 2026 12:52:09 GMT+0000 (Coordinated Universal Time)",
    "generatorPlatform": "SAP Business Application Studio",
    "serviceType": "SAP System (ABAP Cloud)",
    "metadataFilename": "",
    "serviceUrl": "https://7a456f9d-5fc0-4e0c-b7a7-81e65d431356.abap.us10.hana.ondemand.com/sap/opu/odata/sap/ZSB_TRAVEL_SAI",
    "appName": "democonnect",
    "appTitle": "Travel Demo Connect",
    "appDescription": "An SAP Fiori application.",
    "appNamespace": "",
    "ui5Theme": "sap_horizon",
    "ui5Version": "1.139.4",
    "enableEslint": false,
    "enableTypeScript": false,
    "showMockDataInfo": true,
    "generatorVersion": "1.20.2",
    "template": "List Report Page V2",
    "generatorName": "SAP Fiori Application Generator",
    "entityRelatedConfig": [
      {
        "type": "Main Entity",
        "value": "ZC_Travel_sai"
      }
    ],
    "launchText": "To launch the generated application, run the following from the generated application root folder:\n\n```\n    npm start\n```"
  }
}
